question,reponse,categorie,action
"bonjour, je cherche une entreprise pour développer notre site web","Bonjour ! FASTCUBE est spécialisée dans le développement web sur mesure. Nous créons des sites modernes, responsives et optimisés pour votre entreprise. Pouvez-vous me parler de votre projet ?","accueil","SHOW_SERVICES"
"qui êtes-vous et que faites-vous ?","FASTCUBE est une entreprise de conseil en technologies innovantes. Nous proposons des services de développement, cybersécurité, cloud computing et audit technique. Notre mission est d'accompagner les entreprises dans leur transformation digitale.","presentation","SHOW_ABOUT"
"nous avons besoin de sécuriser nos données, que proposez-vous ?","Nous proposons des solutions complètes de cybersécurité : audit de sécurité, tests d'intrusion, mise en place de solutions de protection, formation des équipes et conformité RGPD. Nos experts évaluent vos vulnérabilités et proposent des solutions adaptées.","securite","SHOW_SERVICES"
"comment vous contacter pour un projet ?","Vous pouvez nous contacter par téléphone au 01 23 45 67 89, par email à contact@fastcube.fr, ou via notre formulaire en ligne. Notre équipe vous répond sous 24h et nous organisons un rendez-vous pour discuter de votre projet.","contact","CONTACT_TEAM"
"combien coûte un site web professionnel ?","Nos tarifs varient selon la complexité : un site vitrine professionnel démarre à 5000€, un e-commerce à 15000€. Nous proposons des devis gratuits et personnalisés. Décrivez-moi votre projet pour une estimation précise.","devis","REQUEST_QUOTE"
"pouvez-vous nous aider à migrer vers le cloud ?","Absolument ! Nous accompagnons votre migration cloud étape par étape : audit de votre infrastructure, planification, migration sécurisée, optimisation des coûts et formation des équipes. Nous travaillons avec AWS, Azure et Google Cloud.","cloud","SHOW_SERVICES"
"nous avons des problèmes de performance sur notre application","Nous réalisons des audits de performance complets : analyse des goulots d'étranglement, optimisation du code, mise en cache, amélioration de l'architecture. Nos experts identifient et corrigent les problèmes pour améliorer les performances.","audit","SHOW_SERVICES"
"recherchons un développeur pour notre équipe","Nous proposons des services de développement sur mesure avec nos équipes expérimentées. Nous développons des applications web, mobiles, des API et intégrons vos systèmes existants. Nous pouvons aussi former vos équipes internes.","development","SHOW_SERVICES"
"avez-vous des références dans notre secteur ?","Nous avons accompagné plus de 200 clients dans divers secteurs : finance, santé, e-commerce, industrie. Chaque projet est unique et adapté aux besoins spécifiques. Je peux vous montrer des exemples dans votre domaine.","presentation","SHOW_PORTFOLIO"
"nous voulons être conformes RGPD, comment procéder ?","Nous vous accompagnons dans votre conformité RGPD : audit de vos données, mise en place des mesures techniques et organisationnelles, formation des équipes, et suivi de la conformité. Nous garantissons votre conformité.","securite","SHOW_SERVICES"
"combien de temps pour développer une application mobile ?","La durée varie selon la complexité : 3-6 mois pour une application standard, 6-12 mois pour une application complexe. Nous établissons un planning détaillé dès la signature et vous tenons informés à chaque étape.","development","none"
"proposez-vous des formations en cybersécurité ?","Oui ! Nous formons vos équipes à la cybersécurité : sensibilisation aux risques, bonnes pratiques, procédures de sécurité, et mise en place de solutions de protection. Formation sur mesure adaptée à votre niveau.","support","CONTACT_TEAM"
"nous avons besoin d'un audit de notre infrastructure","Nous réalisons des audits complets : sécurité, performance, architecture, et conformité. Nos experts analysent vos systèmes et fournissent un rapport détaillé avec recommandations d'amélioration et plan d'action.","audit","SHOW_SERVICES"
"pouvez-vous optimiser nos coûts cloud ?","Nous optimisons vos coûts cloud : analyse des ressources, recommandations d'économie, mise en place des bonnes pratiques, et suivi des coûts. Nous réduisons généralement les coûts de 20-40% sans impact sur les performances.","cloud","SHOW_SERVICES"
"nous cherchons un partenaire technologique de confiance","FASTCUBE est votre partenaire technologique de confiance depuis plusieurs années. Nous nous engageons sur la qualité, les délais et votre satisfaction. Plus de 200 clients nous font confiance pour leurs projets critiques.","presentation","SHOW_ABOUT"
"comment fonctionne votre processus de développement ?","Notre processus est agile et transparent : analyse des besoins, conception, développement itératif, tests, déploiement et maintenance. Vous êtes impliqué à chaque étape et recevez des livrables réguliers.","development","none"
"avez-vous des solutions pour les PME ?","Oui ! Nous adaptons nos solutions aux PME : tarifs accessibles, solutions évolutives, accompagnement personnalisé. Nous comprenons les contraintes des PME et proposons des solutions adaptées à votre budget et vos besoins.","presentation","SHOW_SERVICES"
"nous voulons moderniser notre système d'information","Nous accompagnons votre modernisation : audit de l'existant, stratégie de transformation, migration progressive, et formation des équipes. Nous minimisons les risques et garantissons la continuité de service.","consulting","SHOW_SERVICES"
"proposez-vous du support technique 24/7 ?","Oui ! Notre équipe de support est disponible 24/7 pour les urgences. Nous proposons différents niveaux de support : maintenance préventive, dépannage, et optimisation continue de vos systèmes.","support","CONTACT_TEAM"
"combien coûte un audit de sécurité ?","Nos audits de sécurité démarrent à 3000€ selon la complexité. Nous proposons des audits complets : tests d'intrusion, analyse de vulnérabilités, audit de conformité. Devis gratuit et personnalisé selon vos besoins.","devis","REQUEST_QUOTE"
"pouvez-vous nous aider à choisir nos technologies ?","Absolument ! Nos consultants vous conseillent sur le choix des technologies : analyse de vos besoins, recommandations techniques, évaluation des coûts et des risques. Nous vous aidons à faire les bons choix technologiques.","consulting","SHOW_SERVICES"
"nous avons besoin d'une API pour connecter nos systèmes","Nous développons des API robustes et sécurisées : REST, GraphQL, documentation complète, tests automatisés, et monitoring. Nous intégrons vos systèmes existants et garantissons la fiabilité des échanges.","development","SHOW_SERVICES"
"comment garantissez-vous la qualité de vos livrables ?","Nous garantissons la qualité par des processus rigoureux : tests automatisés, revues de code, validation client à chaque étape, et garantie satisfaction. Si vous n'êtes pas satisfait, nous corrigeons jusqu'à votre satisfaction complète.","presentation","none"
"nous voulons créer un e-commerce, par où commencer ?","Nous vous accompagnons dans votre projet e-commerce : analyse de vos besoins, choix de la plateforme, conception UX/UI, développement sur mesure, intégration des moyens de paiement, et optimisation des conversions.","development","SHOW_SERVICES"
"avez-vous des experts en AWS ?","Oui ! Nous sommes experts AWS et vous accompagnons dans vos projets : migration, optimisation, sécurisation, et formation sur les services AWS. Nous maîtrisons tous les services AWS et les bonnes pratiques.","cloud","SHOW_SERVICES"
"nous avons des problèmes de sauvegarde, que faire ?","Nous mettons en place des solutions de sauvegarde sécurisées : sauvegarde automatique, chiffrement, tests de restauration, et monitoring. Nous garantissons la protection de vos données et la possibilité de restauration rapide.","support","CONTACT_TEAM"
"combien de temps pour un audit complet ?","Un audit complet prend 1-3 semaines selon la complexité. Nous fournissons un planning détaillé et vous tenons informés à chaque étape. Le rapport final inclut toutes les recommandations et le plan d'action.","audit","none"
"pouvez-vous nous former à Azure ?","Oui ! Nous formons vos équipes à Microsoft Azure : services cloud, sécurité, développement, et administration. Formation pratique et adaptée à votre niveau, avec des cas d'usage concrets de votre secteur.","support","CONTACT_TEAM"
"nous voulons une application métier sur mesure","Nous développons des applications métier sur mesure : analyse de vos processus, conception adaptée, développement avec les dernières technologies, intégration avec vos systèmes existants, et formation des utilisateurs.","development","SHOW_SERVICES"
"comment sécurisez-vous vos développements ?","Nous appliquons les bonnes pratiques de sécurité : code sécurisé, tests de sécurité, audit de vulnérabilités, et formation des développeurs. Nous garantissons que vos applications sont sécurisées dès la conception.","securite","none"
"nous avons besoin d'un tableau de bord pour nos données","Nous créons des tableaux de bord interactifs : collecte de données, visualisation en temps réel, alertes automatisées, et export de rapports. Nous intégrons vos sources de données et créons des dashboards personnalisés.","development","SHOW_SERVICES"
"proposez-vous des contrats de maintenance ?","Oui ! Nous proposons des contrats de maintenance adaptés : maintenance préventive, correctives, mises à jour, monitoring, et support technique. Nous garantissons la disponibilité et les performances de vos systèmes.","support","CONTACT_TEAM"
"nous voulons migrer notre base de données","Nous accompagnons votre migration de base de données : audit de l'existant, planification, migration sécurisée, tests de performance, et formation des équipes. Nous minimisons les risques et garantissons la continuité.","development","SHOW_SERVICES"
"avez-vous des solutions pour la télétravail ?","Oui ! Nous proposons des solutions pour le télétravail : VPN sécurisé, accès distant, collaboration en ligne, et formation des équipes. Nous garantissons la sécurité et la productivité de vos équipes à distance.","support","SHOW_SERVICES"
"combien coûte une formation complète ?","Nos formations coûtent entre 2000€ et 5000€ selon la durée et le nombre de participants. Nous proposons des formations sur mesure adaptées à vos besoins. Devis gratuit et personnalisé selon vos objectifs.","devis","REQUEST_QUOTE"
"pouvez-vous nous aider à choisir un CRM ?","Oui ! Nos consultants vous aident à choisir le bon CRM : analyse de vos besoins, évaluation des solutions, recommandations, et accompagnement dans la mise en œuvre. Nous vous aidons à optimiser vos processus commerciaux.","consulting","SHOW_SERVICES"
"nous avons des problèmes de lenteur sur notre site","Nous diagnostiquons et corrigeons les problèmes de performance : analyse des goulots d'étranglement, optimisation du code, mise en cache, amélioration de l'architecture. Nous améliorons significativement la vitesse de votre site.","audit","SHOW_SERVICES"
"proposez-vous des solutions de monitoring ?","Oui ! Nous mettons en place des solutions de monitoring complètes : surveillance des systèmes, alertes automatisées, tableaux de bord, et reporting. Nous vous alertons avant que les problèmes n'impactent vos utilisateurs.","support","SHOW_SERVICES"
"nous voulons automatiser nos processus","Nous vous aidons à automatiser vos processus : analyse des tâches répétitives, développement de scripts, intégration avec vos outils, et formation des équipes. Nous améliorons votre productivité et réduisons les erreurs.","development","SHOW_SERVICES"
"avez-vous des experts en cybersécurité ?","Oui ! Nos experts en cybersécurité sont certifiés et expérimentés. Nous proposons des services complets : audit, protection, formation, et accompagnement. Nous garantissons la sécurité de vos systèmes et données.","securite","SHOW_SERVICES"
"nous cherchons un partenaire pour notre transformation digitale","FASTCUBE est votre partenaire idéal pour la transformation digitale. Nous vous accompagnons de A à Z : audit, stratégie, mise en œuvre, et suivi. Plus de 200 entreprises nous font confiance pour leur transformation.","consulting","SHOW_ABOUT"
"comment procédez-vous pour un nouveau projet ?","Notre processus : 1) Analyse de vos besoins, 2) Proposition détaillée, 3) Validation et signature, 4) Développement itératif, 5) Tests et validation, 6) Déploiement et formation. Vous êtes impliqué à chaque étape.","presentation","none"
"nous avons besoin d'un site web rapidement","Nous pouvons créer votre site web rapidement : 2-4 semaines pour un site professionnel. Nous utilisons des technologies modernes et des processus optimisés. Nous respectons toujours les délais convenus.","development","SHOW_SERVICES"
"proposez-vous des solutions pour les startups ?","Oui ! Nous accompagnons les startups avec des solutions adaptées : tarifs préférentiels, solutions évolutives, accompagnement personnalisé. Nous comprenons les enjeux des startups et proposons des solutions flexibles.","presentation","SHOW_SERVICES"
"nous voulons sécuriser nos emails","Nous mettons en place des solutions de sécurité email : chiffrement, authentification, protection anti-spam, et formation des équipes. Nous garantissons la confidentialité et l'intégrité de vos communications.","securite","SHOW_SERVICES"
"combien coûte une application mobile ?","Nos applications mobiles coûtent entre 15000€ et 50000€ selon la complexité. Nous développons pour iOS et Android avec des technologies modernes. Devis gratuit et personnalisé selon vos besoins.","devis","REQUEST_QUOTE"
"pouvez-vous nous aider à optimiser notre SEO ?","Oui ! Nous optimisons votre référencement : audit SEO, optimisation technique, création de contenu, et suivi des performances. Nous améliorons votre visibilité et votre trafic organique.","development","SHOW_SERVICES"
"nous avons besoin d'un intranet pour notre entreprise","Nous créons des intranets modernes et fonctionnels : gestion documentaire, collaboration, workflows, et intégration avec vos outils. Nous adaptons la solution à vos processus et besoins spécifiques.","development","SHOW_SERVICES"
"proposez-vous des solutions de sauvegarde cloud ?","Oui ! Nous proposons des solutions de sauvegarde cloud sécurisées : chiffrement, synchronisation automatique, restauration rapide, et monitoring. Nous garantissons la protection de vos données critiques.","cloud","SHOW_SERVICES"
"nous voulons créer une marketplace","Nous développons des marketplaces complètes : plateforme multi-vendeurs, gestion des paiements, système de notation, et outils d'administration. Nous créons des solutions évolutives et sécurisées.","development","SHOW_SERVICES"
"avez-vous des références dans l'e-commerce ?","Oui ! Nous avons développé de nombreuses plateformes e-commerce. Nos clients témoignent de leur satisfaction. Je peux vous montrer des exemples concrets de nos réalisations dans votre secteur.","presentation","SHOW_PORTFOLIO"
"nous cherchons un partenaire technologique à long terme","FASTCUBE est votre partenaire technologique de confiance. Nous nous engageons sur le long terme : accompagnement continu, évolution de vos solutions, et support réactif. Votre succès est notre priorité.","presentation","SHOW_ABOUT" 